{
  "mae": 0.3373539152131783,
  "rmse": 0.5149931062641125,
  "r2": 0.7976067747524216
}