{
  "mae": 0.3274252027374033,
  "rmse": 0.5051432839771741,
  "r2": 0.8052747336256919
}