{
  "mae": 0.33033297364341085,
  "rmse": 0.5072454330767726,
  "r2": 0.8036506665860602
}